TXN_ID,SRC_ACCT_ID,DST_ACCT_ID,DESCRIPTION,AMOUNT
1,172,305,transfer,6784
2,172,292,transfer,1006
3,172,294,transfer,6342
4,173,578,transfer,2166
5,173,659,transfer,5436
6,173,746,transfer,5556
7,173,583,transfer,1088
8,173,272,transfer,7668
9,174,178,transfer,7314
10,174,135,transfer,4994
11,174,261,transfer,8781
12,174,523,transfer,3461
13,174,418,transfer,4611
14,175,621,transfer,3897
15,175,183,transfer,9827
16,175,270,transfer,3638
17,175,353,transfer,1467
18,175,407,transfer,9183
19,176,610,transfer,8250
20,176,57,transfer,8648
21,176,96,transfer,1443
22,176,555,transfer,1504
23,177,242,transfer,5728
24,177,448,transfer,1387
25,177,578,transfer,2102
26,177,412,transfer,2532
27,177,146,transfer,2003
28,178,268,transfer,2625
29,178,122,transfer,9748
30,178,188,transfer,5911
31,178,462,transfer,1966
32,179,688,transfer,1027
33,179,166,transfer,8448
34,179,397,transfer,7254
35,179,384,transfer,6653
36,180,352,transfer,7280
37,180,135,transfer,5825
38,180,417,transfer,4868
39,181,567,transfer,7846
40,181,23,transfer,3418
41,181,524,transfer,2229
42,181,740,transfer,3974
43,182,556,transfer,7383
44,182,370,transfer,5993
45,182,299,transfer,2466
46,182,453,transfer,3637
47,183,327,transfer,3207
48,183,125,transfer,4742
49,183,85,transfer,1864
50,183,207,transfer,6915
51,184,218,transfer,1789
52,184,330,transfer,7100
53,184,612,transfer,5651
54,184,659,transfer,5207
55,185,583,transfer,4761
56,185,310,transfer,1293
57,185,222,transfer,8216
58,185,255,transfer,7784
59,185,221,transfer,4410
60,186,294,transfer,7214
61,186,589,transfer,7835
62,186,10,transfer,7883
63,187,726,transfer,3701
64,187,359,transfer,5398
65,187,273,transfer,5583
66,187,374,transfer,7797
67,188,63,transfer,3733
68,188,183,transfer,3683
69,188,463,transfer,7698
70,188,581,transfer,8152
71,189,697,transfer,3141
72,189,478,transfer,6530
73,189,687,transfer,9355
74,189,602,transfer,7998
75,190,117,transfer,3385
76,190,187,transfer,8637
77,190,555,transfer,9752
78,190,56,transfer,1698
79,190,28,transfer,1231
80,191,716,transfer,9883
81,191,212,transfer,3574
82,191,329,transfer,7814
83,192,495,transfer,2749
84,192,273,transfer,7583
85,192,331,transfer,6516
86,192,122,transfer,9622
87,192,76,transfer,2277
88,193,405,transfer,2393
89,193,118,transfer,2490
90,193,88,transfer,6222
91,193,711,transfer,9239
92,194,281,transfer,9895
93,194,751,transfer,8903
94,194,299,transfer,1585
95,195,584,transfer,6208
96,195,232,transfer,3047
97,195,153,transfer,8038
98,196,66,transfer,7765
99,196,301,transfer,8812
100,196,380,transfer,4548
101,196,412,transfer,6538
102,197,76,transfer,6973
103,197,724,transfer,7297
104,197,236,transfer,2936
105,197,473,transfer,1291
106,197,387,transfer,3518
107,198,595,transfer,3657
108,198,8,transfer,1976
109,198,57,transfer,9744
110,198,155,transfer,5423
111,199,88,transfer,5722
112,199,230,transfer,6620
113,199,140,transfer,6801
114,199,114,transfer,5930
115,200,439,transfer,3568
116,200,394,transfer,3005
117,200,264,transfer,7899
118,201,635,transfer,8760
119,202,510,transfer,9268
120,202,616,transfer,2782
121,202,241,transfer,2837
122,202,390,transfer,3240
123,202,101,transfer,9620
124,203,287,transfer,8085
125,203,677,transfer,3548
126,203,102,transfer,7646
127,203,746,transfer,4208
128,204,683,transfer,9680
129,204,575,transfer,3889
130,204,681,transfer,3317
131,204,207,transfer,7249
132,204,281,transfer,7140
133,205,66,transfer,3573
134,205,135,transfer,4026
135,205,473,transfer,6617
136,205,71,transfer,3524
137,206,226,transfer,8788
138,206,379,transfer,8541
139,206,135,transfer,8825
140,206,80,transfer,1920
141,207,359,transfer,6552
142,207,8,transfer,8491
143,207,646,transfer,2655
144,207,636,transfer,9567
145,207,310,transfer,7828
146,208,559,transfer,4267
147,208,352,transfer,3137
148,208,550,transfer,6906
149,209,407,transfer,5709
150,209,599,transfer,8949
151,209,6,transfer,5197
152,209,78,transfer,5593
153,210,726,transfer,8304
154,210,326,transfer,4149
155,210,7,transfer,7972
156,210,56,transfer,4900
157,211,289,transfer,3220
158,211,242,transfer,6896
159,211,730,transfer,4709
160,211,509,transfer,1829
161,211,493,transfer,5991
162,212,13,transfer,7473
163,212,335,transfer,3976
164,212,145,transfer,8379
165,213,314,transfer,2979
166,213,591,transfer,6994
167,213,135,transfer,6673
168,213,229,transfer,7431
169,214,387,transfer,4211
170,214,511,transfer,6823
171,214,27,transfer,1215
172,214,699,transfer,4127
173,214,634,transfer,5861
174,215,662,transfer,6462
175,215,169,transfer,6019
176,215,420,transfer,6762
177,215,607,transfer,1921
178,216,610,transfer,4020
179,216,674,transfer,5369
180,216,76,transfer,2500
181,217,330,transfer,8500
182,217,288,transfer,3223
183,217,550,transfer,9325
184,217,607,transfer,7965
185,217,403,transfer,5083
186,218,560,transfer,7017
187,218,312,transfer,7996
188,218,280,transfer,7756
189,218,595,transfer,9052
190,219,85,transfer,2941
191,219,19,transfer,7956
192,219,163,transfer,1303
193,219,397,transfer,9856
194,219,184,transfer,2645
195,220,340,transfer,7973
196,220,441,transfer,5145
197,221,272,transfer,2351
198,221,555,transfer,8541
199,221,206,transfer,8653
200,221,213,transfer,5302
201,221,202,transfer,9778
202,222,154,transfer,3280
203,222,437,transfer,7852
204,222,274,transfer,8478
205,222,695,transfer,3526
206,222,387,transfer,2641
207,223,499,transfer,8387
208,223,699,transfer,8481
209,223,505,transfer,4589
210,223,124,transfer,7197
211,224,624,transfer,8184
212,224,259,transfer,6424
213,224,602,transfer,1746
214,224,730,transfer,1668
215,225,620,transfer,6240
216,225,560,transfer,4133
217,225,56,transfer,9300
218,225,699,transfer,8270
219,226,340,transfer,5755
220,226,465,transfer,2237
221,226,487,transfer,5064
222,227,317,transfer,5439
223,227,397,transfer,4634
224,227,292,transfer,4927
225,228,458,transfer,5054
226,228,387,transfer,8982
227,228,126,transfer,3459
228,228,724,transfer,5620
229,229,654,transfer,9594
230,229,744,transfer,8913
231,229,79,transfer,5227
232,229,285,transfer,5543
233,229,50,transfer,6384
234,230,626,transfer,2878
235,230,439,transfer,9239
236,230,481,transfer,1015
237,230,235,transfer,6959
238,231,412,transfer,9560
239,231,130,transfer,9994
240,231,535,transfer,7451
241,231,95,transfer,4836
242,231,104,transfer,6701
243,232,126,transfer,3107
244,232,584,transfer,7371
245,232,624,transfer,9883
246,232,202,transfer,8151
247,233,4,transfer,2463
248,233,534,transfer,3653
249,233,80,transfer,2197
250,233,120,transfer,1074
251,234,623,transfer,5010
252,234,728,transfer,3812
253,234,407,transfer,6123
254,234,439,transfer,4566
255,235,523,transfer,7434
256,235,351,transfer,7966
257,235,691,transfer,8087
258,235,732,transfer,6436
259,235,347,transfer,6699
260,236,618,transfer,9947
261,236,17,transfer,8840
262,236,135,transfer,7326
263,236,181,transfer,4432
264,237,166,transfer,3716
265,237,646,transfer,8014
266,238,66,transfer,9019
267,238,406,transfer,1885
268,238,559,transfer,2893
269,238,387,transfer,9090
270,239,8,transfer,1585
271,239,276,transfer,8872
272,239,356,transfer,8186
273,239,717,transfer,4752
274,240,104,transfer,5410
275,240,614,transfer,8917
276,240,380,transfer,4951
277,240,606,transfer,7830
278,240,645,transfer,1576
279,241,29,transfer,3503
280,241,463,transfer,7886
281,241,532,transfer,8417
282,241,642,transfer,6085
283,241,17,transfer,3903
284,242,136,transfer,7377
285,242,80,transfer,6522
286,242,141,transfer,9023
287,242,135,transfer,4593
288,243,342,transfer,3754
289,243,693,transfer,7138
290,243,420,transfer,7704
291,243,412,transfer,8360
292,244,447,transfer,7835
293,244,494,transfer,8039
294,244,412,transfer,2902
295,244,50,transfer,4612
296,245,495,transfer,9565
297,245,228,transfer,7590
298,246,732,transfer,5051
299,246,59,transfer,8484
300,246,746,transfer,3062
301,246,21,transfer,9083
302,247,88,transfer,1925
303,247,514,transfer,6269
304,247,493,transfer,7316
305,248,412,transfer,2105
306,248,320,transfer,6197
307,248,258,transfer,8612
308,248,383,transfer,9279
309,249,54,transfer,4300
310,249,350,transfer,8990
311,249,579,transfer,6766
312,249,561,transfer,7508
313,249,205,transfer,2841
314,250,364,transfer,1504
315,250,58,transfer,8419
316,250,683,transfer,2835
317,250,670,transfer,9686
318,250,40,transfer,2414
319,251,660,transfer,7216
320,251,314,transfer,8704
321,251,387,transfer,2543
322,251,259,transfer,9355
323,252,225,transfer,7331
324,252,383,transfer,3980
325,252,397,transfer,4115
326,252,127,transfer,3130
327,253,236,transfer,7813
328,253,166,transfer,9088
329,253,577,transfer,8542
330,253,666,transfer,1564
331,254,188,transfer,5445
332,254,587,transfer,6460
333,254,50,transfer,8549
334,254,380,transfer,2265
335,255,590,transfer,6833
336,255,57,transfer,8953
337,255,670,transfer,6551
338,256,397,transfer,1988
339,256,253,transfer,4847
340,257,368,transfer,2937
341,257,437,transfer,3758
342,257,713,transfer,5931
343,257,387,transfer,6332
344,257,259,transfer,6858
345,258,677,transfer,6343
346,258,78,transfer,4853
347,258,515,transfer,9019
348,258,88,transfer,3483
349,258,190,transfer,8098
350,259,387,transfer,4462
351,259,190,transfer,4884
352,259,305,transfer,5435
353,259,4,transfer,8642
354,259,102,transfer,4540
355,260,24,transfer,4024
356,260,454,transfer,9293
357,261,145,transfer,5871
358,261,461,transfer,2691
359,262,10,transfer,3446
360,262,19,transfer,4394
361,262,50,transfer,2487
362,262,564,transfer,7795
363,262,716,transfer,7197
364,263,519,transfer,5813
365,263,40,transfer,1507
366,263,693,transfer,8189
367,263,388,transfer,5227
368,264,12,transfer,6904
369,264,74,transfer,3291
370,264,555,transfer,6037
371,264,751,transfer,3490
372,265,369,transfer,8027
373,265,559,transfer,1703
374,266,181,transfer,6542
375,266,534,transfer,9425
376,266,70,transfer,6225
377,266,545,transfer,3209
378,267,205,transfer,7332
379,267,102,transfer,5882
380,267,294,transfer,5889
381,267,313,transfer,9666
382,267,565,transfer,4313
383,268,155,transfer,7216
384,268,94,transfer,9275
385,268,372,transfer,1795
386,269,519,transfer,2781
387,269,52,transfer,1782
388,270,495,transfer,9638
389,270,469,transfer,2162
390,270,407,transfer,8054
391,270,724,transfer,6061
392,271,419,transfer,1426
393,271,593,transfer,5519
394,271,66,transfer,8527
395,271,518,transfer,1308
396,271,276,transfer,6349
397,272,607,transfer,3505
398,272,466,transfer,3620
399,272,140,transfer,4956
400,273,233,transfer,8966
401,273,388,transfer,5488
402,273,94,transfer,9501
403,274,355,transfer,3367
404,274,78,transfer,6421
405,275,356,transfer,7643
406,275,584,transfer,6700
407,275,406,transfer,8562
408,275,209,transfer,6167
409,275,27,transfer,6297
410,276,160,transfer,3903
411,276,208,transfer,4692
412,276,631,transfer,6087
413,276,66,transfer,3753
414,276,258,transfer,2515
415,277,330,transfer,7404
416,277,519,transfer,8336
417,277,290,transfer,5633
418,277,243,transfer,8029
419,278,600,transfer,6867
420,278,294,transfer,5442
421,278,166,transfer,1098
422,278,627,transfer,6934
423,279,627,transfer,3170
424,279,620,transfer,1530
425,279,310,transfer,7306
426,280,596,transfer,6687
427,280,205,transfer,3898
428,280,273,transfer,6508
429,280,12,transfer,5374
430,280,612,transfer,8465
431,281,400,transfer,5532
432,281,675,transfer,8422
433,281,642,transfer,4893
434,282,466,transfer,2588
435,282,178,transfer,9124
436,282,309,transfer,7796
437,282,678,transfer,2686
438,283,584,transfer,8954
439,283,299,transfer,5770
440,283,414,transfer,9131
441,1,672,transfer,5013
442,1,584,transfer,5900
443,1,259,transfer,4983
444,1,644,transfer,7203
445,1,418,transfer,1490
446,2,493,transfer,6781
447,2,693,transfer,2498
448,2,546,transfer,2422
449,3,175,transfer,3179
450,3,470,transfer,5474
451,3,352,transfer,1379
452,3,579,transfer,2489
453,3,85,transfer,8934
454,4,330,transfer,1278
455,4,646,transfer,2945
456,4,263,transfer,3405
457,4,403,transfer,6840
458,5,562,transfer,4479
459,5,693,transfer,2898
460,5,595,transfer,6799
461,5,513,transfer,7842
462,5,744,transfer,5126
463,6,457,transfer,1824
464,6,614,transfer,5303
465,6,327,transfer,6946
466,6,140,transfer,2591
467,6,580,transfer,1574
468,7,380,transfer,1429
469,7,338,transfer,2931
470,7,722,transfer,8196
471,7,58,transfer,9523
472,8,150,transfer,2699
473,8,333,transfer,8062
474,8,292,transfer,4656
475,9,177,transfer,3624
476,9,493,transfer,5308
477,9,388,transfer,6890
478,9,441,transfer,7327
479,10,54,transfer,3793
480,10,478,transfer,8012
481,10,745,transfer,8774
482,10,491,transfer,5059
483,11,730,transfer,5182
484,11,131,transfer,8453
485,11,468,transfer,8420
486,11,88,transfer,5501
487,12,534,transfer,2684
488,12,633,transfer,2075
489,12,740,transfer,9344
490,12,524,transfer,4308
491,12,458,transfer,8097
492,13,19,transfer,9260
493,13,749,transfer,8177
494,14,255,transfer,9337
495,14,668,transfer,6401
496,14,383,transfer,1970
497,14,688,transfer,6924
498,15,511,transfer,9700
499,15,534,transfer,6330
500,15,412,transfer,9806
501,15,208,transfer,8317
502,16,559,transfer,5915
503,16,534,transfer,1255
504,16,648,transfer,4119
505,16,606,transfer,3155
506,17,348,transfer,1253
507,17,340,transfer,5198
508,17,261,transfer,5459
509,17,418,transfer,3881
510,17,584,transfer,7298
511,18,615,transfer,4393
512,18,662,transfer,7709
513,18,276,transfer,7125
514,19,595,transfer,9533
515,19,261,transfer,1555
516,19,439,transfer,2846
517,19,525,transfer,1544
518,20,110,transfer,4876
519,20,245,transfer,2330
520,20,406,transfer,2325
521,20,582,transfer,9879
522,21,261,transfer,3248
523,21,352,transfer,8974
524,21,434,transfer,5323
525,21,691,transfer,3394
526,22,101,transfer,9847
527,22,635,transfer,2360
528,22,492,transfer,2841
529,22,585,transfer,2795
530,23,435,transfer,4007
531,23,257,transfer,4462
532,23,302,transfer,1901
533,23,528,transfer,6847
534,24,637,transfer,3853
535,24,207,transfer,4512
536,24,58,transfer,1193
537,24,203,transfer,9367
538,24,523,transfer,2794
539,25,241,transfer,6914
540,25,226,transfer,3069
541,25,352,transfer,4201
542,26,125,transfer,5662
543,26,524,transfer,9750
544,26,397,transfer,4893
545,26,127,transfer,2403
546,27,91,transfer,8653
547,27,118,transfer,7910
548,28,387,transfer,4125
549,28,109,transfer,5794
550,28,448,transfer,8111
551,29,309,transfer,1181
552,29,31,transfer,9405
553,29,407,transfer,7490
554,29,101,transfer,5240
555,30,746,transfer,2110
556,30,309,transfer,3156
557,30,57,transfer,9584
558,30,420,transfer,6059
559,30,89,transfer,6825
560,31,37,transfer,6593
561,31,640,transfer,7137
562,31,724,transfer,5794
563,31,525,transfer,8246
564,32,462,transfer,2408
565,32,310,transfer,3713
566,32,135,transfer,7583
567,33,83,transfer,1868
568,33,541,transfer,1952
569,34,255,transfer,8962
570,34,36,transfer,8264
571,34,494,transfer,4554
572,34,154,transfer,9499
573,35,559,transfer,9751
574,35,523,transfer,5408
575,35,656,transfer,3137
576,35,397,transfer,3339
577,36,66,transfer,9095
578,36,340,transfer,9525
579,36,146,transfer,3313
580,36,304,transfer,7149
581,37,532,transfer,1782
582,37,119,transfer,7692
583,37,78,transfer,9760
584,38,687,transfer,4465
585,38,589,transfer,1413
586,38,589,transfer,2954
587,39,326,transfer,1636
588,39,499,transfer,9475
589,39,71,transfer,5173
590,39,659,transfer,7780
591,40,259,transfer,9270
592,40,583,transfer,7504
593,40,420,transfer,4680
594,40,384,transfer,1872
595,41,619,transfer,1812
596,41,135,transfer,4727
597,41,595,transfer,7659
598,41,383,transfer,5901
599,42,439,transfer,5991
600,42,232,transfer,2778
601,42,722,transfer,8498
602,42,559,transfer,5986
603,43,387,transfer,2589
604,43,644,transfer,3321
605,43,310,transfer,1597
606,43,374,transfer,5319
607,44,740,transfer,1864
608,44,33,transfer,8413
609,44,482,transfer,6214
610,45,745,transfer,4440
611,45,317,transfer,4432
612,45,434,transfer,6186
613,45,719,transfer,8344
614,46,210,transfer,9667
615,46,714,transfer,9172
616,47,667,transfer,6210
617,47,135,transfer,4194
618,47,380,transfer,3976
619,47,492,transfer,8330
620,48,581,transfer,8758
621,48,713,transfer,6353
622,48,134,transfer,2791
623,49,235,transfer,2371
624,49,716,transfer,3463
625,49,371,transfer,2275
626,49,56,transfer,7283
627,49,272,transfer,8196
628,50,301,transfer,3073
629,50,454,transfer,1753
630,50,144,transfer,6743
631,50,8,transfer,2552
632,50,618,transfer,2962
633,51,135,transfer,5349
634,51,743,transfer,9120
635,51,373,transfer,7956
636,51,65,transfer,5858
637,51,279,transfer,3413
638,52,301,transfer,8873
639,52,310,transfer,8053
640,52,114,transfer,9469
641,52,666,transfer,2282
642,52,692,transfer,1442
643,53,225,transfer,3957
644,53,191,transfer,2959
645,53,448,transfer,3400
646,54,441,transfer,9391
647,54,738,transfer,7220
648,54,677,transfer,9428
649,54,140,transfer,8279
650,55,654,transfer,7628
651,55,624,transfer,9532
652,55,683,transfer,8996
653,55,463,transfer,1818
654,56,451,transfer,3613
655,56,591,transfer,3019
656,56,617,transfer,7378
657,56,154,transfer,8891
658,56,411,transfer,1531
659,57,339,transfer,3617
660,57,449,transfer,2743
661,57,407,transfer,4129
662,57,125,transfer,3252
663,58,327,transfer,1885
664,58,469,transfer,8688
665,58,299,transfer,8675
666,58,406,transfer,4935
667,59,330,transfer,5451
668,59,738,transfer,7285
669,59,670,transfer,7676
670,59,317,transfer,9106
671,60,400,transfer,2500
672,60,506,transfer,7536
673,60,527,transfer,9333
674,60,690,transfer,7149
675,60,135,transfer,3998
676,61,643,transfer,2672
677,61,647,transfer,6277
678,61,539,transfer,8632
679,61,241,transfer,2395
680,62,458,transfer,2463
681,62,381,transfer,4766
682,62,313,transfer,4772
683,62,387,transfer,5198
684,62,583,transfer,3419
685,63,139,transfer,1692
686,63,478,transfer,8748
687,63,188,transfer,2556
688,63,125,transfer,5830
689,64,708,transfer,8029
690,64,475,transfer,4839
691,65,135,transfer,8822
692,65,606,transfer,1408
693,65,614,transfer,2049
694,66,644,transfer,9984
695,66,397,transfer,2383
696,67,194,transfer,6412
697,67,720,transfer,8750
698,67,146,transfer,5330
699,67,559,transfer,7926
700,68,281,transfer,7562
701,68,309,transfer,4559
702,68,338,transfer,3597
703,68,167,transfer,5896
704,68,330,transfer,4260
705,69,89,transfer,3796
706,69,414,transfer,9714
707,69,634,transfer,1687
708,69,177,transfer,1824
709,70,316,transfer,6406
710,70,560,transfer,7927
711,70,207,transfer,5724
712,71,29,transfer,8338
713,71,118,transfer,9833
714,71,366,transfer,5432
715,72,499,transfer,8445
716,72,752,transfer,5993
717,72,264,transfer,9470
718,72,57,transfer,2613
719,73,576,transfer,4792
720,73,348,transfer,5662
721,73,519,transfer,2896
722,73,444,transfer,9636
723,73,309,transfer,6347
724,74,4,transfer,5300
725,74,272,transfer,4190
726,74,601,transfer,8535
727,74,534,transfer,5077
728,75,423,transfer,4336
729,75,2,transfer,6316
730,75,583,transfer,6009
731,75,356,transfer,9813
732,75,404,transfer,3146
733,76,359,transfer,3643
734,76,525,transfer,2261
735,76,342,transfer,8496
736,76,519,transfer,2359
737,77,458,transfer,8762
738,77,380,transfer,1657
739,78,289,transfer,7482
740,78,412,transfer,6867
741,78,579,transfer,5564
742,78,231,transfer,1793
743,79,214,transfer,2084
744,79,233,transfer,1954
745,79,140,transfer,8857
746,79,225,transfer,8721
747,79,738,transfer,4746
748,80,13,transfer,3949
749,80,325,transfer,8909
750,80,359,transfer,3710
751,81,732,transfer,4048
752,81,50,transfer,6823
753,81,219,transfer,6927
754,81,274,transfer,1976
755,81,461,transfer,9078
756,82,6,transfer,5294
757,82,299,transfer,9865
758,82,70,transfer,7312
759,82,644,transfer,1832
760,82,241,transfer,6369
761,83,181,transfer,7420
762,83,466,transfer,8559
763,83,579,transfer,6282
764,83,406,transfer,6815
765,83,228,transfer,8507
766,84,146,transfer,9557
767,84,50,transfer,1241
768,84,694,transfer,8602
769,84,466,transfer,9622
770,85,608,transfer,3369
771,85,387,transfer,1937
772,85,742,transfer,10000
773,85,674,transfer,2238
774,86,416,transfer,8032
775,86,597,transfer,3379
776,86,601,transfer,3931
777,86,274,transfer,1012
778,87,54,transfer,3833
779,87,534,transfer,6765
780,87,534,transfer,4643
781,87,601,transfer,2686
782,87,81,transfer,8889
783,88,569,transfer,1143
784,88,235,transfer,6146
785,88,222,transfer,4262
786,88,88,transfer,4478
787,89,387,transfer,8940
788,89,458,transfer,3175
789,90,720,transfer,5796
790,90,724,transfer,8843
791,90,643,transfer,7559
792,90,290,transfer,2380
793,90,167,transfer,7977
794,91,542,transfer,7956
795,91,222,transfer,8136
796,91,440,transfer,5257
797,91,255,transfer,3064
798,92,225,transfer,5311
799,92,481,transfer,7644
800,93,261,transfer,6733
801,93,460,transfer,5269
802,94,737,transfer,1261
803,94,720,transfer,5071
804,94,742,transfer,2675
805,94,289,transfer,5879
806,94,135,transfer,1601
807,95,301,transfer,7149
808,95,509,transfer,5518
809,95,118,transfer,8650
810,95,175,transfer,8469
811,96,51,transfer,5716
812,96,352,transfer,2012
813,96,521,transfer,3955
814,96,337,transfer,1686
815,97,706,transfer,5733
816,97,678,transfer,9957
817,97,222,transfer,1555
818,98,564,transfer,6220
819,98,397,transfer,7201
820,98,579,transfer,1331
821,98,682,transfer,2310
822,99,548,transfer,4813
823,99,265,transfer,6337
824,99,643,transfer,9833
825,99,459,transfer,2408
826,99,155,transfer,3053
827,100,666,transfer,7594
828,100,752,transfer,9139
829,100,559,transfer,5907
830,101,118,transfer,7411
831,101,134,transfer,7688
832,101,443,transfer,5332
833,101,418,transfer,1751
834,102,352,transfer,4399
835,102,581,transfer,4303
836,102,681,transfer,4939
837,102,2,transfer,6328
838,103,387,transfer,7928
839,103,552,transfer,7167
840,103,399,transfer,4740
841,103,72,transfer,2515
842,104,312,transfer,7932
843,104,205,transfer,8487
844,104,51,transfer,9314
845,104,685,transfer,2708
846,105,640,transfer,9021
847,105,255,transfer,4525
848,105,118,transfer,7023
849,105,602,transfer,7960
850,106,174,transfer,7564
851,106,628,transfer,8211
852,106,411,transfer,1597
853,106,274,transfer,1526
854,107,669,transfer,1962
855,107,327,transfer,6011
856,107,207,transfer,1151
857,107,218,transfer,9922
858,108,85,transfer,6945
859,108,746,transfer,7416
860,108,690,transfer,4522
861,108,616,transfer,9022
862,109,559,transfer,4534
863,109,407,transfer,2268
864,109,579,transfer,7613
865,109,264,transfer,6555
866,110,351,transfer,2523
867,110,699,transfer,6264
868,110,73,transfer,4642
869,110,588,transfer,3617
870,110,203,transfer,2867
871,111,292,transfer,1740
872,111,313,transfer,2143
873,111,91,transfer,8645
874,111,676,transfer,8494
875,112,272,transfer,9439
876,112,597,transfer,9532
877,112,436,transfer,9150
878,112,35,transfer,4393
879,112,45,transfer,3987
880,113,330,transfer,9425
881,113,279,transfer,3552
882,113,532,transfer,5208
883,113,457,transfer,4012
884,114,293,transfer,7854
885,114,123,transfer,9027
886,114,478,transfer,3846
887,115,272,transfer,7927
888,115,535,transfer,6412
889,115,171,transfer,8243
890,116,727,transfer,7280
891,116,238,transfer,6903
892,116,340,transfer,9584
893,116,716,transfer,6627
894,117,323,transfer,4916
895,117,301,transfer,5279
896,117,664,transfer,9917
897,117,312,transfer,1993
898,118,388,transfer,9302
899,118,40,transfer,4339
900,118,640,transfer,6856
901,118,525,transfer,1581
902,119,743,transfer,1207
903,119,361,transfer,7628
904,119,264,transfer,2466
905,119,710,transfer,9208
906,119,420,transfer,9451
907,120,330,transfer,3251
908,120,50,transfer,3932
909,121,722,transfer,9522
910,121,562,transfer,4082
911,121,94,transfer,3226
912,121,255,transfer,3747
913,121,221,transfer,2737
914,122,27,transfer,6000
915,122,606,transfer,2791
916,122,495,transfer,9829
917,122,640,transfer,1521
918,122,140,transfer,3711
919,123,95,transfer,7439
920,123,130,transfer,7666
921,123,194,transfer,7519
922,123,524,transfer,4660
923,123,624,transfer,7501
924,124,135,transfer,1138
925,124,730,transfer,3559
926,124,413,transfer,7994
927,125,29,transfer,1790
928,125,210,transfer,2835
929,125,94,transfer,7857
930,125,352,transfer,5312
931,126,566,transfer,6368
932,126,559,transfer,7740
933,126,571,transfer,2072
934,126,699,transfer,4285
935,126,4,transfer,3351
936,127,693,transfer,7223
937,127,284,transfer,7938
938,127,49,transfer,5617
939,127,593,transfer,6141
940,128,203,transfer,3955
941,128,140,transfer,4505
942,128,536,transfer,7020
943,128,256,transfer,2692
944,129,741,transfer,9940
945,129,171,transfer,8238
946,129,60,transfer,6142
947,129,359,transfer,2543
948,130,263,transfer,4262
949,130,326,transfer,8799
950,130,399,transfer,4236
951,130,590,transfer,6558
952,131,724,transfer,1342
953,131,301,transfer,8915
954,131,732,transfer,9276
955,131,637,transfer,2528
956,132,327,transfer,9003
957,132,365,transfer,4621
958,132,612,transfer,9879
959,132,566,transfer,6781
960,133,175,transfer,1194
961,133,179,transfer,5849
962,134,25,transfer,5444
963,134,387,transfer,9812
964,134,22,transfer,6866
965,135,328,transfer,3355
966,135,152,transfer,6474
967,135,498,transfer,5503
968,136,143,transfer,9380
969,136,510,transfer,3786
970,136,292,transfer,9380
971,136,636,transfer,1163
972,136,525,transfer,3682
973,137,413,transfer,7575
974,137,651,transfer,6959
975,137,685,transfer,1683
976,137,420,transfer,2220
977,137,274,transfer,6822
978,138,143,transfer,2967
979,138,380,transfer,2766
980,138,144,transfer,1184
981,138,570,transfer,3930
982,139,492,transfer,5821
983,139,536,transfer,9176
984,140,261,transfer,6551
985,140,165,transfer,2318
986,141,469,transfer,9665
987,141,412,transfer,5043
988,141,109,transfer,3981
989,141,738,transfer,9411
990,142,222,transfer,5355
991,142,553,transfer,8771
992,143,101,transfer,4478
993,143,439,transfer,4085
994,143,699,transfer,3459
995,143,352,transfer,4581
996,144,94,transfer,3783
997,144,63,transfer,1285
998,144,175,transfer,9803
999,144,618,transfer,2061
1000,144,390,transfer,6191
1001,145,177,transfer,3893
1002,145,736,transfer,5222
1003,145,404,transfer,8395
1004,146,601,transfer,9469
1005,146,553,transfer,8020
1006,146,548,transfer,8977
1007,146,32,transfer,9615
1008,147,212,transfer,8270
1009,147,139,transfer,7037
1010,148,490,transfer,7668
1011,148,620,transfer,4444
1012,148,560,transfer,9359
1013,148,673,transfer,5999
1014,149,691,transfer,5711
1015,149,317,transfer,6816
1016,149,352,transfer,9621
1017,149,249,transfer,5847
1018,149,310,transfer,1904
1019,150,58,transfer,4842
1020,150,395,transfer,6805
1021,150,417,transfer,7087
1022,151,13,transfer,2225
1023,151,387,transfer,8507
1024,151,499,transfer,9766
1025,152,491,transfer,6492
1026,152,125,transfer,5346
1027,152,241,transfer,6685
1028,152,327,transfer,6678
1029,152,514,transfer,7606
1030,153,478,transfer,8580
1031,153,681,transfer,3595
1032,153,700,transfer,5926
1033,153,352,transfer,5495
1034,153,187,transfer,7487
1035,154,604,transfer,1070
1036,154,102,transfer,4784
1037,154,161,transfer,9355
1038,154,297,transfer,5428
1039,155,690,transfer,7525
1040,155,443,transfer,7513
1041,155,85,transfer,7292
1042,155,301,transfer,5527
1043,155,537,transfer,8989
1044,156,305,transfer,1166
1045,156,707,transfer,4218
1046,157,299,transfer,5992
1047,157,634,transfer,7349
1048,157,681,transfer,5305
1049,157,597,transfer,1123
1050,158,576,transfer,7262
1051,158,746,transfer,8007
1052,158,4,transfer,2885
1053,158,640,transfer,6963
1054,159,129,transfer,4253
1055,159,406,transfer,1823
1056,159,184,transfer,5152
1057,160,555,transfer,8781
1058,160,403,transfer,8891
1059,160,13,transfer,2168
1060,160,439,transfer,1032
1061,161,233,transfer,7219
1062,161,50,transfer,7654
1063,161,128,transfer,9320
1064,162,471,transfer,7964
1065,162,4,transfer,7325
1066,162,387,transfer,5667
1067,162,720,transfer,8786
1068,163,560,transfer,4677
1069,163,186,transfer,2829
1070,163,301,transfer,6168
1071,163,730,transfer,3361
1072,163,27,transfer,1135
1073,164,352,transfer,9883
1074,164,543,transfer,3408
1075,164,697,transfer,5276
1076,165,282,transfer,2438
1077,165,533,transfer,1081
1078,165,690,transfer,4776
1079,165,463,transfer,4573
1080,165,332,transfer,4318
1081,166,421,transfer,8629
1082,166,665,transfer,4706
1083,166,311,transfer,6082
1084,166,328,transfer,2572
1085,167,259,transfer,4221
1086,167,613,transfer,3979
1087,167,536,transfer,9614
1088,167,406,transfer,6309
1089,167,403,transfer,9875
1090,168,252,transfer,9655
1091,168,123,transfer,9546
1092,168,380,transfer,6291
1093,168,720,transfer,8647
1094,169,380,transfer,7296
1095,169,263,transfer,6825
1096,169,463,transfer,1192
1097,170,203,transfer,8790
1098,170,259,transfer,5287
1099,170,35,transfer,7095
1100,170,4,transfer,7544
1101,171,560,transfer,4839
1102,171,218,transfer,8803
1103,171,664,transfer,9711
1104,565,187,transfer,1330
1105,565,89,transfer,9461
1106,566,521,transfer,2870
1107,566,180,transfer,3343
1108,566,406,transfer,6913
1109,566,320,transfer,6536
1110,566,78,transfer,4014
1111,567,403,transfer,7279
1112,567,91,transfer,6808
1113,567,495,transfer,3139
1114,568,287,transfer,4981
1115,568,541,transfer,7358
1116,568,304,transfer,6334
1117,568,124,transfer,1466
1118,568,334,transfer,5272
1119,569,542,transfer,6829
1120,569,89,transfer,4470
1121,569,535,transfer,5312
1122,569,743,transfer,4727
1123,569,56,transfer,9519
1124,570,301,transfer,3597
1125,570,403,transfer,5516
1126,570,610,transfer,1835
1127,571,627,transfer,6929
1128,571,627,transfer,3731
1129,571,725,transfer,1547
1130,571,320,transfer,4955
1131,572,534,transfer,8570
1132,572,492,transfer,2775
1133,572,243,transfer,2127
1134,572,387,transfer,6373
1135,573,243,transfer,9208
1136,573,420,transfer,3036
1137,573,54,transfer,5127
1138,573,59,transfer,1091
1139,573,707,transfer,3492
1140,574,166,transfer,9527
1141,574,644,transfer,4207
1142,574,645,transfer,8066
1143,574,89,transfer,7098
1144,574,352,transfer,3529
1145,575,275,transfer,3118
1146,575,261,transfer,5631
1147,575,439,transfer,6726
1148,575,171,transfer,9444
1149,575,691,transfer,2310
1150,576,534,transfer,1915
1151,576,605,transfer,2862
1152,576,153,transfer,7269
1153,577,678,transfer,3254
1154,577,675,transfer,3040
1155,577,693,transfer,8731
1156,577,439,transfer,7506
1157,578,226,transfer,9966
1158,578,551,transfer,4456
1159,579,76,transfer,7553
1160,579,650,transfer,6459
1161,580,752,transfer,9105
1162,580,82,transfer,3631
1163,580,529,transfer,8766
1164,580,299,transfer,6271
1165,580,225,transfer,4129
1166,581,228,transfer,2395
1167,581,41,transfer,8883
1168,581,273,transfer,5052
1169,581,252,transfer,5052
1170,582,534,transfer,1908
1171,582,623,transfer,6401
1172,582,616,transfer,6797
1173,582,499,transfer,8550
1174,583,130,transfer,5556
1175,583,4,transfer,6857
1176,583,49,transfer,9027
1177,583,325,transfer,4065
1178,583,555,transfer,8681
1179,584,13,transfer,3184
1180,584,276,transfer,3462
1181,584,542,transfer,6387
1182,584,211,transfer,5516
1183,585,287,transfer,5568
1184,585,538,transfer,8548
1185,585,640,transfer,1829
1186,586,644,transfer,3775
1187,586,387,transfer,4031
1188,586,154,transfer,2578
1189,586,154,transfer,1347
1190,587,78,transfer,4305
1191,587,463,transfer,9697
1192,587,403,transfer,4392
1193,587,50,transfer,5422
1194,588,640,transfer,4054
1195,588,752,transfer,8719
1196,588,317,transfer,1910
1197,588,604,transfer,3394
1198,589,248,transfer,3151
1199,589,259,transfer,3944
1200,589,702,transfer,3892
1201,589,535,transfer,6562
1202,589,228,transfer,8227
1203,590,529,transfer,9911
1204,590,109,transfer,4995
1205,590,241,transfer,4751
1206,591,138,transfer,1755
1207,591,181,transfer,9868
1208,591,273,transfer,4129
1209,591,380,transfer,5424
1210,592,394,transfer,9323
1211,592,204,transfer,6955
1212,593,175,transfer,2305
1213,593,521,transfer,2292
1214,594,417,transfer,2145
1215,594,534,transfer,3155
1216,594,559,transfer,5805
1217,594,231,transfer,3347
1218,595,441,transfer,1509
1219,595,164,transfer,7677
1220,595,459,transfer,3748
1221,596,595,transfer,3433
1222,596,78,transfer,7276
1223,596,481,transfer,6350
1224,597,330,transfer,8712
1225,597,348,transfer,9733
1226,597,136,transfer,4006
1227,597,57,transfer,8586
1228,597,166,transfer,3799
1229,598,330,transfer,6114
1230,598,306,transfer,3677
1231,598,626,transfer,8392
1232,599,672,transfer,2293
1233,599,670,transfer,3377
1234,599,77,transfer,4309
1235,600,559,transfer,1727
1236,600,414,transfer,3690
1237,601,225,transfer,7754
1238,601,181,transfer,5690
1239,601,535,transfer,6293
1240,601,73,transfer,8886
1241,602,738,transfer,2751
1242,602,595,transfer,3811
1243,602,651,transfer,7355
1244,603,392,transfer,8946
1245,603,728,transfer,8905
1246,603,146,transfer,5370
1247,603,551,transfer,7295
1248,604,525,transfer,2620
1249,604,183,transfer,8268
1250,604,27,transfer,4627
1251,604,734,transfer,3915
1252,604,309,transfer,1744
1253,605,696,transfer,6912
1254,605,536,transfer,5517
1255,606,404,transfer,1136
1256,606,661,transfer,9390
1257,606,667,transfer,5329
1258,607,88,transfer,9648
1259,607,60,transfer,9196
1260,607,440,transfer,7793
1261,607,651,transfer,5230
1262,607,305,transfer,3228
1263,608,249,transfer,3598
1264,608,502,transfer,5750
1265,608,153,transfer,9536
1266,608,327,transfer,2345
1267,609,644,transfer,3681
1268,609,289,transfer,4434
1269,609,311,transfer,6183
1270,609,191,transfer,2758
1271,609,40,transfer,4925
1272,610,655,transfer,9809
1273,610,258,transfer,7427
1274,610,135,transfer,9891
1275,611,348,transfer,7237
1276,611,614,transfer,4106
1277,611,672,transfer,1701
1278,611,406,transfer,4490
1279,611,466,transfer,1376
1280,612,76,transfer,4572
1281,612,218,transfer,7946
1282,612,33,transfer,7778
1283,613,280,transfer,5140
1284,613,569,transfer,2481
1285,613,663,transfer,2013
1286,613,559,transfer,9773
1287,613,620,transfer,7641
1288,614,423,transfer,5626
1289,614,458,transfer,4571
1290,614,509,transfer,3855
1291,615,582,transfer,9286
1292,615,504,transfer,7803
1293,615,584,transfer,5495
1294,615,572,transfer,7508
1295,615,602,transfer,5046
1296,616,674,transfer,8125
1297,616,710,transfer,3126
1298,617,543,transfer,8868
1299,617,595,transfer,3369
1300,617,251,transfer,6619
1301,618,455,transfer,4025
1302,618,310,transfer,1845
1303,618,642,transfer,3363
1304,618,523,transfer,3845
1305,619,650,transfer,8165
1306,619,152,transfer,2437
1307,619,324,transfer,4093
1308,619,590,transfer,6627
1309,620,259,transfer,6244
1310,620,94,transfer,7836
1311,620,610,transfer,4786
1312,620,518,transfer,4395
1313,621,286,transfer,7348
1314,621,134,transfer,8034
1315,621,554,transfer,8506
1316,621,264,transfer,1620
1317,622,482,transfer,8291
1318,622,135,transfer,8795
1319,622,30,transfer,4020
1320,622,736,transfer,1163
1321,623,85,transfer,6820
1322,623,640,transfer,6741
1323,623,249,transfer,9251
1324,623,227,transfer,4242
1325,624,602,transfer,9190
1326,624,414,transfer,5509
1327,624,745,transfer,5569
1328,624,49,transfer,6302
1329,624,131,transfer,7207
1330,625,128,transfer,9006
1331,625,225,transfer,1908
1332,625,4,transfer,1208
1333,625,716,transfer,3885
1334,626,744,transfer,6597
1335,626,150,transfer,7992
1336,626,693,transfer,1367
1337,627,333,transfer,7438
1338,627,716,transfer,4000
1339,627,11,transfer,2487
1340,628,144,transfer,7642
1341,628,258,transfer,6508
1342,628,448,transfer,2818
1343,628,560,transfer,1460
1344,629,339,transfer,4892
1345,629,509,transfer,4215
1346,629,330,transfer,3828
1347,629,691,transfer,9369
1348,629,25,transfer,9228
1349,630,355,transfer,2678
1350,630,299,transfer,9164
1351,630,167,transfer,4960
1352,630,218,transfer,9477
1353,631,565,transfer,2273
1354,631,534,transfer,6242
1355,631,719,transfer,4271
1356,631,274,transfer,7621
1357,631,387,transfer,9230
1358,632,249,transfer,7109
1359,632,181,transfer,5887
1360,633,289,transfer,6465
1361,633,480,transfer,1308
1362,633,424,transfer,4205
1363,634,88,transfer,6240
1364,634,207,transfer,8934
1365,634,91,transfer,3339
1366,635,380,transfer,1893
1367,635,699,transfer,2016
1368,635,324,transfer,9666
1369,635,740,transfer,8207
1370,636,222,transfer,4073
1371,636,218,transfer,2939
1372,636,553,transfer,5319
1373,637,145,transfer,8031
1374,637,348,transfer,4891
1375,637,348,transfer,4415
1376,638,21,transfer,6709
1377,638,714,transfer,3761
1378,638,436,transfer,5976
1379,638,312,transfer,6948
1380,639,650,transfer,6115
1381,639,485,transfer,6659
1382,639,443,transfer,3550
1383,639,664,transfer,8007
1384,640,738,transfer,4992
1385,640,286,transfer,2909
1386,640,282,transfer,7063
1387,640,4,transfer,6623
1388,641,707,transfer,6286
1389,641,719,transfer,7410
1390,641,746,transfer,5025
1391,641,484,transfer,6800
1392,641,460,transfer,5283
1393,642,299,transfer,5844
1394,642,693,transfer,4747
1395,642,282,transfer,3392
1396,642,347,transfer,6628
1397,643,305,transfer,7378
1398,643,35,transfer,3401
1399,643,380,transfer,6439
1400,644,681,transfer,8765
1401,644,383,transfer,5180
1402,644,261,transfer,7373
1403,644,430,transfer,3688
1404,645,681,transfer,2719
1405,645,53,transfer,3551
1406,645,53,transfer,8058
1407,646,190,transfer,4047
1408,646,139,transfer,2718
1409,646,397,transfer,4510
1410,646,348,transfer,5813
1411,647,49,transfer,1135
1412,647,155,transfer,6490
1413,647,418,transfer,8353
1414,647,482,transfer,6364
1415,647,201,transfer,1271
1416,648,458,transfer,8427
1417,648,554,transfer,4276
1418,648,230,transfer,9920
1419,648,407,transfer,7509
1420,649,602,transfer,7709
1421,649,551,transfer,9760
1422,649,83,transfer,7825
1423,649,386,transfer,7563
1424,649,643,transfer,9300
1425,650,558,transfer,4515
1426,650,616,transfer,9638
1427,650,66,transfer,1846
1428,651,13,transfer,6389
1429,651,272,transfer,3389
1430,652,379,transfer,5895
1431,652,276,transfer,6462
1432,652,642,transfer,2663
1433,653,480,transfer,3425
1434,653,541,transfer,6815
1435,653,642,transfer,6812
1436,653,50,transfer,9667
1437,654,601,transfer,5326
1438,654,387,transfer,4382
1439,654,410,transfer,6705
1440,654,720,transfer,8171
1441,654,181,transfer,8478
1442,655,589,transfer,4301
1443,656,720,transfer,9325
1444,656,241,transfer,6325
1445,656,74,transfer,2171
1446,656,428,transfer,1705
1447,656,171,transfer,2506
1448,657,579,transfer,9679
1449,657,269,transfer,4006
1450,657,716,transfer,4617
1451,657,549,transfer,1446
1452,658,152,transfer,1135
1453,658,374,transfer,5661
1454,658,155,transfer,2334
1455,658,624,transfer,5161
1456,659,286,transfer,1404
1457,659,548,transfer,4609
1458,659,746,transfer,5376
1459,660,613,transfer,4270
1460,660,78,transfer,2430
1461,660,340,transfer,6461
1462,660,461,transfer,4324
1463,661,744,transfer,5790
1464,661,294,transfer,3995
1465,661,350,transfer,2105
1466,661,730,transfer,1442
1467,662,499,transfer,4826
1468,662,4,transfer,7602
1469,662,118,transfer,8930
1470,662,560,transfer,9843
1471,662,153,transfer,2751
1472,663,741,transfer,2522
1473,663,693,transfer,1168
1474,663,66,transfer,7127
1475,664,19,transfer,5077
1476,664,481,transfer,1674
1477,664,331,transfer,3758
1478,664,490,transfer,4166
1479,665,749,transfer,2824
1480,665,352,transfer,3396
1481,665,403,transfer,4559
1482,665,453,transfer,4052
1483,666,448,transfer,6856
1484,666,218,transfer,7855
1485,666,281,transfer,6660
1486,666,223,transfer,7891
1487,667,734,transfer,4944
1488,667,678,transfer,1926
1489,667,71,transfer,9760
1490,667,168,transfer,1240
1491,668,223,transfer,7948
1492,668,525,transfer,1332
1493,668,441,transfer,7009
1494,669,232,transfer,8703
1495,669,352,transfer,2806
1496,669,584,transfer,7990
1497,670,218,transfer,6235
1498,670,155,transfer,6064
1499,670,150,transfer,7913
1500,671,738,transfer,3595
1501,671,699,transfer,6824
1502,672,181,transfer,6912
1503,672,281,transfer,5950
1504,672,713,transfer,8585
1505,672,428,transfer,1814
1506,672,565,transfer,1805
1507,673,8,transfer,5032
1508,673,222,transfer,2430
1509,673,537,transfer,4747
1510,673,95,transfer,6086
1511,673,690,transfer,8910
1512,674,406,transfer,5083
1513,674,208,transfer,7790
1514,674,91,transfer,9668
1515,674,311,transfer,6953
1516,675,146,transfer,4742
1517,675,697,transfer,8930
1518,675,80,transfer,9693
1519,675,662,transfer,5490
1520,675,581,transfer,8506
1521,676,668,transfer,7376
1522,676,259,transfer,6454
1523,676,634,transfer,8627
1524,676,378,transfer,8702
1525,677,643,transfer,1030
1526,677,110,transfer,3582
1527,677,576,transfer,3388
1528,677,60,transfer,4852
1529,678,135,transfer,3585
1530,678,259,transfer,3740
1531,678,265,transfer,7980
1532,679,436,transfer,7841
1533,679,81,transfer,3781
1534,679,479,transfer,4931
1535,679,45,transfer,8117
1536,680,384,transfer,5774
1537,680,397,transfer,5043
1538,680,137,transfer,7111
1539,681,205,transfer,9237
1540,681,443,transfer,9441
1541,681,478,transfer,9534
1542,681,13,transfer,4249
1543,682,583,transfer,6785
1544,682,10,transfer,8669
1545,682,448,transfer,9248
1546,682,286,transfer,6383
1547,683,109,transfer,2720
1548,683,10,transfer,4609
1549,683,634,transfer,1569
1550,683,579,transfer,5796
1551,684,399,transfer,9603
1552,684,477,transfer,4904
1553,684,552,transfer,1490
1554,684,365,transfer,7137
1555,685,91,transfer,4419
1556,685,734,transfer,5946
1557,685,578,transfer,6035
1558,685,35,transfer,6766
1559,685,458,transfer,2657
1560,686,181,transfer,1247
1561,686,222,transfer,3739
1562,686,534,transfer,8048
1563,686,660,transfer,1605
1564,686,138,transfer,7061
1565,687,145,transfer,2822
1566,687,258,transfer,6657
1567,687,296,transfer,1712
1568,687,177,transfer,9677
1569,688,743,transfer,6130
1570,688,717,transfer,3709
1571,688,577,transfer,9160
1572,688,420,transfer,2813
1573,689,603,transfer,2284
1574,689,222,transfer,7739
1575,689,78,transfer,1614
1576,689,669,transfer,8201
1577,689,458,transfer,6060
1578,690,68,transfer,3375
1579,690,135,transfer,6382
1580,690,752,transfer,2137
1581,690,335,transfer,4444
1582,691,621,transfer,6757
1583,691,502,transfer,5405
1584,691,140,transfer,7034
1585,691,495,transfer,6649
1586,691,181,transfer,7134
1587,692,743,transfer,2669
1588,692,403,transfer,3857
1589,692,40,transfer,8823
1590,692,478,transfer,8390
1591,692,289,transfer,9012
1592,693,511,transfer,7404
1593,693,578,transfer,5542
1594,694,524,transfer,3610
1595,694,27,transfer,1241
1596,694,534,transfer,2052
1597,694,118,transfer,2352
1598,695,6,transfer,8230
1599,695,620,transfer,1279
1600,695,284,transfer,4572
1601,695,744,transfer,9970
1602,696,561,transfer,2766
1603,696,318,transfer,2769
1604,696,351,transfer,3702
1605,696,60,transfer,9910
1606,696,216,transfer,9668
1607,697,255,transfer,4842
1608,697,579,transfer,8710
1609,697,249,transfer,7395
1610,698,68,transfer,4893
1611,698,135,transfer,9273
1612,698,404,transfer,9249
1613,698,317,transfer,4669
1614,699,642,transfer,9908
1615,699,152,transfer,4602
1616,699,501,transfer,7185
1617,699,29,transfer,7651
1618,700,547,transfer,4102
1619,700,674,transfer,1862
1620,700,259,transfer,2939
1621,700,607,transfer,1666
1622,701,673,transfer,5984
1623,701,421,transfer,1468
1624,701,706,transfer,2888
1625,701,104,transfer,8834
1626,702,222,transfer,2660
1627,702,155,transfer,7694
1628,702,310,transfer,1947
1629,703,359,transfer,6269
1630,703,58,transfer,2970
1631,703,646,transfer,2006
1632,704,387,transfer,6825
1633,704,235,transfer,7859
1634,704,140,transfer,6069
1635,704,258,transfer,8444
1636,705,264,transfer,8119
1637,705,19,transfer,7677
1638,705,602,transfer,2071
1639,705,429,transfer,2821
1640,705,491,transfer,9940
1641,706,681,transfer,2312
1642,706,480,transfer,4908
1643,706,298,transfer,7096
1644,706,584,transfer,6484
1645,706,317,transfer,6127
1646,707,620,transfer,3968
1647,707,385,transfer,4603
1648,707,261,transfer,4032
1649,708,662,transfer,1292
1650,708,462,transfer,5386
1651,708,70,transfer,7463
1652,708,403,transfer,9518
1653,708,510,transfer,6848
1654,709,249,transfer,1838
1655,709,258,transfer,6767
1656,709,406,transfer,8947
1657,709,590,transfer,3795
1658,709,177,transfer,2961
1659,710,134,transfer,7973
1660,710,127,transfer,4811
1661,710,238,transfer,7396
1662,710,751,transfer,5723
1663,710,88,transfer,9442
1664,711,521,transfer,6159
1665,711,340,transfer,1055
1666,711,13,transfer,5774
1667,711,499,transfer,8244
1668,711,716,transfer,8246
1669,712,71,transfer,7203
1670,712,208,transfer,4213
1671,712,332,transfer,5995
1672,712,618,transfer,6608
1673,713,523,transfer,4200
1674,713,676,transfer,5691
1675,713,524,transfer,1497
1676,713,518,transfer,5732
1677,713,499,transfer,6532
1678,714,131,transfer,9698
1679,714,9,transfer,7428
1680,714,403,transfer,9624
1681,715,291,transfer,9709
1682,715,149,transfer,6859
1683,715,373,transfer,8642
1684,715,448,transfer,9321
1685,715,448,transfer,2398
1686,716,165,transfer,1519
1687,716,608,transfer,6738
1688,716,210,transfer,3511
1689,716,532,transfer,5970
1690,717,597,transfer,7829
1691,717,480,transfer,7129
1692,717,463,transfer,5019
1693,717,463,transfer,8480
1694,717,624,transfer,6231
1695,718,747,transfer,8311
1696,718,317,transfer,3017
1697,719,746,transfer,6298
1698,719,662,transfer,5344
1699,719,216,transfer,5630
1700,719,697,transfer,1592
1701,719,57,transfer,1090
1702,720,304,transfer,2747
1703,720,222,transfer,4334
1704,720,579,transfer,4251
1705,721,471,transfer,5740
1706,721,259,transfer,6695
1707,721,561,transfer,7109
1708,722,94,transfer,7112
1709,722,258,transfer,8510
1710,722,509,transfer,4695
1711,723,71,transfer,9907
1712,723,752,transfer,9097
1713,723,348,transfer,6774
1714,723,334,transfer,8640
1715,723,448,transfer,9816
1716,724,327,transfer,3182
1717,724,230,transfer,2033
1718,724,673,transfer,2018
1719,725,292,transfer,7354
1720,725,118,transfer,5708
1721,725,504,transfer,3130
1722,725,694,transfer,1716
1723,726,724,transfer,6335
1724,726,362,transfer,6072
1725,726,569,transfer,9384
1726,726,633,transfer,7807
1727,726,383,transfer,2800
1728,727,406,transfer,4509
1729,727,27,transfer,1776
1730,727,241,transfer,5980
1731,728,626,transfer,8586
1732,728,561,transfer,3518
1733,728,45,transfer,9617
1734,728,380,transfer,8087
1735,728,690,transfer,1550
1736,729,662,transfer,1329
1737,729,422,transfer,7026
1738,729,241,transfer,1433
1739,729,306,transfer,6152
1740,729,123,transfer,8172
1741,730,49,transfer,8990
1742,730,112,transfer,4904
1743,730,523,transfer,7582
1744,730,187,transfer,6891
1745,730,558,transfer,4562
1746,731,642,transfer,2031
1747,731,719,transfer,6314
1748,731,638,transfer,6121
1749,732,634,transfer,6318
1750,732,713,transfer,9857
1751,732,456,transfer,9460
1752,732,673,transfer,3678
1753,732,380,transfer,1019
1754,733,441,transfer,5312
1755,733,406,transfer,4513
1756,733,436,transfer,8144
1757,733,226,transfer,3309
1758,733,289,transfer,9435
1759,734,293,transfer,4671
1760,734,347,transfer,2278
1761,734,227,transfer,1375
1762,734,149,transfer,9203
1763,735,4,transfer,4141
1764,735,366,transfer,3786
1765,735,333,transfer,2313
1766,735,662,transfer,6342
1767,736,724,transfer,8479
1768,736,672,transfer,7859
1769,736,166,transfer,9098
1770,736,749,transfer,8816
1771,737,155,transfer,7372
1772,737,146,transfer,1027
1773,737,711,transfer,8230
1774,737,418,transfer,8560
1775,737,335,transfer,4778
1776,738,294,transfer,4989
1777,738,690,transfer,2649
1778,738,139,transfer,9310
1779,738,339,transfer,1417
1780,738,415,transfer,8942
1781,739,220,transfer,1209
1782,739,258,transfer,7682
1783,739,175,transfer,1710
1784,739,62,transfer,3569
1785,739,608,transfer,7070
1786,740,171,transfer,5909
1787,740,612,transfer,5518
1788,740,195,transfer,9698
1789,741,746,transfer,9180
1790,741,716,transfer,7501
1791,741,136,transfer,8089
1792,741,149,transfer,2343
1793,742,724,transfer,5705
1794,742,578,transfer,6249
1795,742,561,transfer,5190
1796,742,513,transfer,5270
1797,742,458,transfer,1123
1798,402,330,transfer,2098
1799,402,118,transfer,3588
1800,402,634,transfer,4430
1801,402,473,transfer,6177
1802,402,493,transfer,7410
1803,403,135,transfer,2473
1804,403,381,transfer,3323
1805,403,263,transfer,8362
1806,403,644,transfer,2671
1807,404,171,transfer,7227
1808,404,480,transfer,6238
1809,404,25,transfer,7412
1810,404,133,transfer,9603
1811,404,562,transfer,7190
1812,405,250,transfer,9906
1813,405,185,transfer,6643
1814,405,141,transfer,5681
1815,405,746,transfer,2555
1816,406,352,transfer,4396
1817,406,397,transfer,7884
1818,406,66,transfer,4771
1819,406,674,transfer,4942
1820,407,397,transfer,3740
1821,407,589,transfer,3215
1822,407,714,transfer,4806
1823,407,153,transfer,7597
1824,408,153,transfer,4845
1825,408,380,transfer,9330
1826,409,140,transfer,1924
1827,409,123,transfer,8250
1828,409,144,transfer,6904
1829,409,145,transfer,2496
1830,409,31,transfer,5089
1831,410,528,transfer,5234
1832,410,664,transfer,6747
1833,410,531,transfer,7717
1834,410,751,transfer,4833
1835,411,29,transfer,4098
1836,411,607,transfer,1332
1837,411,179,transfer,3700
1838,411,59,transfer,2001
1839,411,566,transfer,6112
1840,412,13,transfer,9875
1841,412,131,transfer,4842
1842,412,231,transfer,8764
1843,412,404,transfer,6918
1844,413,269,transfer,8060
1845,413,606,transfer,5294
1846,414,184,transfer,4509
1847,414,104,transfer,6307
1848,414,236,transfer,9491
1849,414,411,transfer,7896
1850,415,693,transfer,6759
1851,415,394,transfer,6352
1852,415,314,transfer,8821
1853,415,284,transfer,8183
1854,416,595,transfer,6745
1855,416,129,transfer,5180
1856,416,635,transfer,2703
1857,416,634,transfer,3295
1858,416,443,transfer,2663
1859,417,274,transfer,6199
1860,417,590,transfer,6441
1861,417,188,transfer,3943
1862,418,646,transfer,5902
1863,418,207,transfer,1314
1864,418,380,transfer,5125
1865,418,261,transfer,2137
1866,418,270,transfer,7981
1867,419,340,transfer,4860
1868,419,76,transfer,8897
1869,420,625,transfer,2477
1870,420,305,transfer,5617
1871,420,245,transfer,9600
1872,420,532,transfer,7884
1873,420,204,transfer,2824
1874,421,738,transfer,5405
1875,421,644,transfer,4918
1876,421,737,transfer,5500
1877,421,627,transfer,2948
1878,421,131,transfer,9042
1879,422,77,transfer,8583
1880,422,649,transfer,9903
1881,423,609,transfer,1979
1882,423,387,transfer,9805
1883,423,230,transfer,5433
1884,424,188,transfer,9436
1885,424,210,transfer,3217
1886,424,310,transfer,3643
1887,424,417,transfer,9638
1888,425,352,transfer,6328
1889,425,123,transfer,7121
1890,425,479,transfer,2885
1891,425,385,transfer,5831
1892,426,168,transfer,2978
1893,426,648,transfer,9007
1894,426,561,transfer,4439
1895,426,242,transfer,6488
1896,426,10,transfer,6115
1897,427,518,transfer,4623
1898,427,236,transfer,2342
1899,427,163,transfer,4348
1900,427,460,transfer,6340
1901,428,109,transfer,1144
1902,428,248,transfer,5822
1903,428,463,transfer,5399
1904,428,53,transfer,1337
1905,428,222,transfer,4536
1906,429,665,transfer,5127
1907,429,3,transfer,4311
1908,429,493,transfer,4646
1909,429,672,transfer,8014
1910,429,166,transfer,9450
1911,430,448,transfer,7000
1912,430,387,transfer,9529
1913,430,746,transfer,9010
1914,430,746,transfer,9256
1915,430,156,transfer,1887
1916,431,169,transfer,1940
1917,431,565,transfer,8029
1918,431,37,transfer,7598
1919,432,745,transfer,8854
1920,432,589,transfer,8704
1921,432,523,transfer,1984
1922,432,49,transfer,2607
1923,433,99,transfer,7708
1924,433,138,transfer,6996
1925,433,593,transfer,8340
1926,433,659,transfer,9356
1927,433,642,transfer,4407
1928,434,610,transfer,5564
1929,434,597,transfer,9487
1930,434,469,transfer,3257
1931,434,411,transfer,7233
1932,435,301,transfer,4767
1933,435,365,transfer,4416
1934,435,96,transfer,5041
1935,436,124,transfer,2843
1936,436,495,transfer,5666
1937,436,131,transfer,8061
1938,436,330,transfer,2418
1939,436,46,transfer,5823
1940,437,76,transfer,9190
1941,437,264,transfer,8259
1942,437,366,transfer,6542
1943,437,494,transfer,9791
1944,437,600,transfer,5080
1945,438,380,transfer,8529
1946,438,342,transfer,2723
1947,438,514,transfer,9877
1948,439,301,transfer,2834
1949,439,286,transfer,4053
1950,439,510,transfer,9895
1951,439,279,transfer,9617
1952,440,306,transfer,9472
1953,440,535,transfer,6655
1954,440,359,transfer,5446
1955,440,716,transfer,5493
1956,441,623,transfer,4372
1957,441,748,transfer,7944
1958,441,273,transfer,4344
1959,442,614,transfer,9299
1960,442,202,transfer,4648
1961,442,282,transfer,3453
1962,442,231,transfer,7432
1963,443,335,transfer,8041
1964,443,745,transfer,8886
1965,443,458,transfer,8579
1966,443,640,transfer,5768
1967,444,552,transfer,1243
1968,444,185,transfer,1172
1969,445,404,transfer,4620
1970,445,265,transfer,8342
1971,445,334,transfer,4221
1972,445,10,transfer,4943
1973,446,284,transfer,4016
1974,446,24,transfer,6652
1975,446,27,transfer,6079
1976,446,348,transfer,6022
1977,447,297,transfer,3137
1978,447,205,transfer,8325
1979,447,749,transfer,1009
1980,447,104,transfer,3747
1981,448,724,transfer,7907
1982,448,570,transfer,2955
1983,448,296,transfer,2311
1984,448,406,transfer,1141
1985,448,250,transfer,6129
1986,449,308,transfer,6381
1987,449,519,transfer,7109
1988,449,29,transfer,4248
1989,449,352,transfer,5046
1990,449,461,transfer,7243
1991,450,728,transfer,7639
1992,450,193,transfer,4708
1993,450,721,transfer,9080
1994,450,662,transfer,2007
1995,450,690,transfer,9951
1996,451,109,transfer,9079
1997,451,646,transfer,9359
1998,451,221,transfer,6150
1999,451,321,transfer,8476
2000,451,178,transfer,6561
2001,452,258,transfer,6049
2002,452,644,transfer,3756
2003,453,565,transfer,5038
2004,453,535,transfer,4167
2005,453,666,transfer,9669
2006,453,534,transfer,5866
2007,454,130,transfer,5417
2008,454,299,transfer,5161
2009,454,751,transfer,7085
2010,454,268,transfer,2987
2011,454,481,transfer,9604
2012,455,258,transfer,4252
2013,455,418,transfer,9992
2014,455,181,transfer,2713
2015,455,403,transfer,2013
2016,456,207,transfer,1633
2017,456,222,transfer,3868
2018,456,348,transfer,9364
2019,457,123,transfer,9127
2020,457,326,transfer,3430
2021,457,672,transfer,6810
2022,457,62,transfer,1604
2023,457,597,transfer,8048
2024,458,710,transfer,9942
2025,458,609,transfer,1022
2026,458,549,transfer,8167
2027,459,550,transfer,7597
2028,459,646,transfer,3096
2029,459,718,transfer,5519
2030,459,272,transfer,6370
2031,460,91,transfer,2507
2032,460,746,transfer,1629
2033,460,99,transfer,1464
2034,461,50,transfer,8197
2035,461,299,transfer,5681
2036,461,301,transfer,5843
2037,461,479,transfer,9991
2038,462,254,transfer,1044
2039,462,501,transfer,1445
2040,462,681,transfer,4543
2041,462,134,transfer,8911
2042,463,299,transfer,7323
2043,463,287,transfer,7669
2044,463,71,transfer,6679
2045,464,719,transfer,8984
2046,464,332,transfer,4815
2047,464,330,transfer,2740
2048,464,48,transfer,6112
2049,465,579,transfer,9564
2050,465,396,transfer,2090
2051,465,211,transfer,6314
2052,465,448,transfer,5589
2053,466,666,transfer,5876
2054,466,536,transfer,4353
2055,466,192,transfer,5583
2056,466,24,transfer,8009
2057,467,259,transfer,1717
2058,468,707,transfer,2851
2059,468,187,transfer,8144
2060,468,264,transfer,3276
2061,468,373,transfer,5231
2062,468,129,transfer,3643
2063,469,727,transfer,8983
2064,469,674,transfer,8330
2065,469,699,transfer,6429
2066,469,314,transfer,8431
2067,470,233,transfer,9788
2068,470,123,transfer,5380
2069,470,192,transfer,2656
2070,470,579,transfer,8665
2071,471,225,transfer,9644
2072,471,665,transfer,7111
2073,471,478,transfer,3931
2074,472,443,transfer,2860
2075,472,258,transfer,1924
2076,472,259,transfer,7298
2077,472,601,transfer,4059
2078,473,261,transfer,4334
2079,473,406,transfer,3379
2080,473,589,transfer,3019
2081,473,343,transfer,8115
2082,474,536,transfer,4468
2083,474,54,transfer,8017
2084,474,746,transfer,9477
2085,475,502,transfer,4581
2086,475,348,transfer,3311
2087,475,181,transfer,3641
2088,475,101,transfer,6077
2089,475,746,transfer,5148
2090,476,569,transfer,7697
2091,476,439,transfer,2113
2092,476,348,transfer,8381
2093,477,342,transfer,2821
2094,477,423,transfer,1645
2095,477,70,transfer,4187
2096,477,388,transfer,8945
2097,477,524,transfer,8653
2098,478,514,transfer,1388
2099,478,578,transfer,2426
2100,478,374,transfer,1160
2101,478,473,transfer,1614
2102,479,525,transfer,3520
2103,479,293,transfer,3586
2104,479,165,transfer,1284
2105,479,672,transfer,5332
2106,480,49,transfer,4285
2107,480,130,transfer,6777
2108,480,569,transfer,3178
2109,480,284,transfer,5916
2110,480,317,transfer,3737
2111,481,25,transfer,6443
2112,481,681,transfer,2221
2113,481,255,transfer,6326
2114,482,384,transfer,3255
2115,482,728,transfer,3540
2116,482,561,transfer,1737
2117,482,707,transfer,6922
2118,483,460,transfer,2349
2119,483,301,transfer,5593
2120,483,674,transfer,8089
2121,483,161,transfer,6433
2122,483,737,transfer,8810
2123,484,584,transfer,6867
2124,484,27,transfer,9768
2125,484,127,transfer,6487
2126,484,583,transfer,1249
2127,485,380,transfer,2521
2128,485,310,transfer,5167
2129,486,565,transfer,3717
2130,486,625,transfer,8920
2131,486,313,transfer,5769
2132,486,223,transfer,1119
2133,487,514,transfer,7146
2134,487,49,transfer,9166
2135,487,413,transfer,1964
2136,487,529,transfer,6103
2137,488,656,transfer,5537
2138,488,28,transfer,2342
2139,488,746,transfer,8889
2140,489,78,transfer,8666
2141,489,551,transfer,3244
2142,489,255,transfer,9016
2143,489,256,transfer,2363
2144,489,601,transfer,2677
2145,490,95,transfer,4892
2146,490,71,transfer,3892
2147,490,644,transfer,2133
2148,490,350,transfer,3818
2149,490,340,transfer,6978
2150,491,740,transfer,4526
2151,491,606,transfer,6744
2152,491,114,transfer,7190
2153,491,202,transfer,8911
2154,491,221,transfer,1298
2155,492,284,transfer,1078
2156,492,131,transfer,7863
2157,492,285,transfer,8973
2158,492,31,transfer,3991
2159,492,716,transfer,3663
2160,493,60,transfer,8748
2161,493,294,transfer,1517
2162,493,135,transfer,9273
2163,493,348,transfer,6930
2164,494,228,transfer,9956
2165,494,439,transfer,6440
2166,494,745,transfer,9645
2167,494,159,transfer,1936
2168,494,592,transfer,6957
2169,495,567,transfer,2014
2170,495,340,transfer,4827
2171,495,144,transfer,6925
2172,496,548,transfer,3592
2173,496,740,transfer,8043
2174,496,729,transfer,3532
2175,496,625,transfer,4500
2176,496,223,transfer,7958
2177,497,42,transfer,8274
2178,497,693,transfer,1423
2179,497,480,transfer,8633
2180,498,613,transfer,8945
2181,498,406,transfer,6077
2182,498,461,transfer,6541
2183,498,138,transfer,1956
2184,498,4,transfer,8795
2185,499,707,transfer,6774
2186,499,285,transfer,3272
2187,499,676,transfer,6103
2188,500,491,transfer,6951
2189,500,80,transfer,8085
2190,500,19,transfer,1553
2191,500,737,transfer,3949
2192,501,205,transfer,6004
2193,501,339,transfer,6353
2194,501,403,transfer,7679
2195,501,666,transfer,8215
2196,502,668,transfer,2763
2197,502,330,transfer,9444
2198,502,203,transfer,4330
2199,502,380,transfer,7085
2200,503,714,transfer,2917
2201,504,473,transfer,7021
2202,504,589,transfer,2965
2203,504,443,transfer,5798
2204,283,327,transfer,4530
2205,284,102,transfer,9294
2206,284,640,transfer,8935
2207,284,454,transfer,2620
2208,285,59,transfer,1009
2209,285,628,transfer,1877
2210,285,443,transfer,5150
2211,285,534,transfer,6218
2212,285,293,transfer,5199
2213,286,548,transfer,1727
2214,286,150,transfer,4950
2215,286,57,transfer,5121
2216,287,144,transfer,1298
2217,287,279,transfer,5439
2218,287,571,transfer,6446
2219,287,536,transfer,1702
2220,287,403,transfer,5206
2221,288,137,transfer,4489
2222,288,525,transfer,7957
2223,288,570,transfer,8418
2224,288,169,transfer,7286
2225,289,674,transfer,8116
2226,289,12,transfer,5713
2227,290,219,transfer,7119
2228,290,397,transfer,9693
2229,290,109,transfer,6590
2230,290,159,transfer,4218
2231,291,311,transfer,1846
2232,291,317,transfer,1378
2233,291,373,transfer,5705
2234,292,24,transfer,9205
2235,292,672,transfer,4404
2236,292,597,transfer,3560
2237,293,454,transfer,1967
2238,293,559,transfer,7242
2239,293,559,transfer,7559
2240,293,734,transfer,7171
2241,293,13,transfer,2438
2242,294,480,transfer,9814
2243,294,123,transfer,6971
2244,294,743,transfer,8769
2245,294,619,transfer,5807
2246,295,223,transfer,3592
2247,295,524,transfer,5310
2248,295,642,transfer,7477
2249,295,313,transfer,4672
2250,296,751,transfer,3516
2251,296,301,transfer,6370
2252,296,242,transfer,7518
2253,296,365,transfer,6292
2254,296,724,transfer,3152
2255,297,495,transfer,8938
2256,297,397,transfer,8613
2257,297,534,transfer,5737
2258,297,120,transfer,1332
2259,297,66,transfer,5976
2260,298,621,transfer,1902
2261,298,666,transfer,2932
2262,298,515,transfer,1353
2263,299,634,transfer,2488
2264,299,187,transfer,6607
2265,299,639,transfer,6497
2266,300,91,transfer,3227
2267,300,57,transfer,6521
2268,300,225,transfer,9132
2269,300,324,transfer,3597
2270,300,743,transfer,4354
2271,301,463,transfer,4779
2272,301,730,transfer,3866
2273,301,13,transfer,9893
2274,301,149,transfer,8319
2275,302,301,transfer,6261
2276,302,135,transfer,5546
2277,302,439,transfer,4015
2278,302,710,transfer,3465
2279,303,519,transfer,8079
2280,303,219,transfer,8626
2281,303,54,transfer,5598
2282,303,495,transfer,9823
2283,303,388,transfer,4315
2284,304,506,transfer,8071
2285,304,184,transfer,2573
2286,304,299,transfer,7804
2287,305,188,transfer,5022
2288,305,685,transfer,6582
2289,305,448,transfer,9340
2290,305,112,transfer,2787
2291,306,444,transfer,4273
2292,306,621,transfer,3990
2293,306,584,transfer,5357
2294,306,228,transfer,4548
2295,306,282,transfer,6452
2296,307,640,transfer,7733
2297,307,292,transfer,2039
2298,307,481,transfer,6996
2299,307,294,transfer,9745
2300,308,188,transfer,7728
2301,308,53,transfer,9616
2302,308,310,transfer,5128
2303,308,130,transfer,6077
2304,308,433,transfer,8258
2305,309,468,transfer,8108
2306,309,150,transfer,9609
2307,309,38,transfer,8774
2308,309,584,transfer,2986
2309,310,534,transfer,8717
2310,310,524,transfer,2976
2311,311,27,transfer,9883
2312,311,377,transfer,1512
2313,311,380,transfer,3317
2314,312,595,transfer,1728
2315,312,138,transfer,4976
2316,312,301,transfer,5023
2317,312,186,transfer,5677
2318,312,666,transfer,9297
2319,313,352,transfer,9988
2320,313,406,transfer,1499
2321,313,693,transfer,8389
2322,314,187,transfer,1801
2323,314,317,transfer,8732
2324,314,145,transfer,7484
2325,315,222,transfer,6445
2326,315,281,transfer,4840
2327,315,226,transfer,8586
2328,315,613,transfer,5819
2329,316,720,transfer,6457
2330,316,8,transfer,7926
2331,316,131,transfer,8585
2332,316,624,transfer,8832
2333,317,557,transfer,1688
2334,317,356,transfer,5597
2335,317,65,transfer,6215
2336,317,242,transfer,7347
2337,318,413,transfer,6090
2338,318,29,transfer,4084
2339,318,566,transfer,4993
2340,318,294,transfer,6246
2341,319,463,transfer,2044
2342,319,118,transfer,5340
2343,319,592,transfer,1826
2344,319,600,transfer,1121
2345,320,535,transfer,9539
2346,320,183,transfer,9931
2347,320,308,transfer,2407
2348,320,117,transfer,1239
2349,320,273,transfer,7764
2350,321,259,transfer,5083
2351,321,713,transfer,8819
2352,321,361,transfer,2444
2353,321,571,transfer,2855
2354,322,301,transfer,4304
2355,322,101,transfer,6103
2356,322,353,transfer,1468
2357,323,63,transfer,1352
2358,323,249,transfer,8065
2359,323,505,transfer,1646
2360,323,462,transfer,2174
2361,323,534,transfer,1366
2362,324,532,transfer,2544
2363,324,182,transfer,3846
2364,324,211,transfer,2450
2365,324,348,transfer,1774
2366,325,740,transfer,1678
2367,325,222,transfer,3659
2368,326,337,transfer,8360
2369,326,232,transfer,3630
2370,326,532,transfer,6308
2371,327,555,transfer,1360
2372,327,237,transfer,1038
2373,327,204,transfer,6470
2374,327,365,transfer,2284
2375,328,642,transfer,3894
2376,328,264,transfer,7553
2377,328,751,transfer,3562
2378,328,222,transfer,1384
2379,328,365,transfer,6810
2380,329,671,transfer,8853
2381,329,380,transfer,1633
2382,329,541,transfer,3452
2383,329,502,transfer,3600
2384,329,263,transfer,2070
2385,330,29,transfer,9256
2386,330,559,transfer,5310
2387,330,491,transfer,1647
2388,330,212,transfer,5612
2389,331,134,transfer,8686
2390,331,166,transfer,3749
2391,331,345,transfer,2210
2392,331,23,transfer,5799
2393,332,325,transfer,9428
2394,332,125,transfer,5357
2395,332,387,transfer,4481
2396,332,596,transfer,5698
2397,332,297,transfer,1115
2398,333,276,transfer,1114
2399,333,501,transfer,4577
2400,333,356,transfer,2591
2401,333,647,transfer,2682
2402,334,95,transfer,3152
2403,334,317,transfer,8629
2404,335,190,transfer,4989
2405,335,230,transfer,1858
2406,335,222,transfer,4046
2407,335,590,transfer,6697
2408,336,272,transfer,7954
2409,336,181,transfer,5343
2410,336,309,transfer,9076
2411,336,222,transfer,5065
2412,337,560,transfer,2187
2413,337,152,transfer,7539
2414,337,561,transfer,6298
2415,337,373,transfer,5446
2416,337,130,transfer,2779
2417,338,528,transfer,9965
2418,338,448,transfer,9188
2419,338,556,transfer,9229
2420,338,614,transfer,3176
2421,338,648,transfer,4051
2422,339,187,transfer,8042
2423,339,172,transfer,3906
2424,339,95,transfer,2921
2425,340,200,transfer,6323
2426,340,122,transfer,2833
2427,340,261,transfer,8862
2428,340,385,transfer,9113
2429,341,387,transfer,7916
2430,341,242,transfer,5564
2431,341,313,transfer,4966
2432,341,439,transfer,6454
2433,342,371,transfer,3253
2434,342,467,transfer,5732
2435,342,685,transfer,5195
2436,343,369,transfer,2088
2437,343,218,transfer,7257
2438,343,287,transfer,2057
2439,343,674,transfer,5946
2440,343,729,transfer,6409
2441,344,607,transfer,4808
2442,344,154,transfer,8831
2443,345,352,transfer,8614
2444,345,380,transfer,3192
2445,345,710,transfer,6431
2446,345,127,transfer,1313
2447,346,627,transfer,1844
2448,346,279,transfer,1189
2449,346,143,transfer,5255
2450,346,478,transfer,8492
2451,347,481,transfer,4249
2452,347,165,transfer,5282
2453,347,330,transfer,7083
2454,347,397,transfer,1108
2455,348,734,transfer,6617
2456,348,177,transfer,6383
2457,348,313,transfer,1432
2458,348,614,transfer,2883
2459,349,491,transfer,1048
2460,350,518,transfer,8736
2461,351,571,transfer,2021
2462,351,317,transfer,9149
2463,351,221,transfer,9408
2464,351,693,transfer,1371
2465,351,241,transfer,4446
2466,352,321,transfer,2914
2467,352,130,transfer,6920
2468,352,640,transfer,7060
2469,352,582,transfer,8536
2470,353,690,transfer,1889
2471,353,394,transfer,2887
2472,353,2,transfer,8365
2473,354,646,transfer,9130
2474,354,95,transfer,1156
2475,355,569,transfer,4653
2476,355,124,transfer,8709
2477,355,576,transfer,7050
2478,356,49,transfer,7904
2479,356,533,transfer,1328
2480,356,102,transfer,3362
2481,357,578,transfer,6942
2482,357,276,transfer,3029
2483,357,597,transfer,8818
2484,357,101,transfer,7267
2485,357,205,transfer,1106
2486,358,378,transfer,7409
2487,358,544,transfer,9312
2488,358,648,transfer,3449
2489,358,669,transfer,5451
2490,359,222,transfer,2182
2491,359,631,transfer,1459
2492,359,606,transfer,9430
2493,359,579,transfer,1919
2494,359,310,transfer,6149
2495,360,746,transfer,6783
2496,360,553,transfer,4432
2497,360,233,transfer,1257
2498,361,71,transfer,2605
2499,361,58,transfer,4856
2500,361,509,transfer,1354
2501,362,187,transfer,5872
2502,362,101,transfer,5979
2503,362,274,transfer,7829
2504,362,431,transfer,7010
2505,362,179,transfer,2878
2506,363,56,transfer,6612
2507,363,135,transfer,9804
2508,363,745,transfer,6389
2509,363,600,transfer,3265
2510,364,720,transfer,2428
2511,364,301,transfer,2333
2512,364,211,transfer,6963
2513,365,165,transfer,6127
2514,365,146,transfer,9511
2515,365,662,transfer,7338
2516,366,222,transfer,5988
2517,366,387,transfer,5662
2518,366,412,transfer,6043
2519,366,49,transfer,3570
2520,367,463,transfer,1884
2521,367,40,transfer,5290
2522,367,310,transfer,4007
2523,367,330,transfer,8864
2524,368,495,transfer,1801
2525,368,641,transfer,1433
2526,368,694,transfer,2096
2527,368,373,transfer,7679
2528,369,138,transfer,3070
2529,369,466,transfer,9517
2530,369,456,transfer,6448
2531,370,348,transfer,8957
2532,370,4,transfer,6959
2533,370,356,transfer,8858
2534,370,413,transfer,4042
2535,370,674,transfer,8163
2536,371,144,transfer,5679
2537,371,136,transfer,1058
2538,371,740,transfer,1638
2539,371,122,transfer,5777
2540,372,645,transfer,4879
2541,372,140,transfer,6339
2542,372,283,transfer,2971
2543,372,155,transfer,9201
2544,373,71,transfer,7345
2545,373,394,transfer,9273
2546,374,624,transfer,8088
2547,374,297,transfer,9271
2548,374,297,transfer,7259
2549,374,406,transfer,4767
2550,375,225,transfer,8634
2551,375,656,transfer,7430
2552,375,314,transfer,4504
2553,376,311,transfer,3520
2554,376,606,transfer,7215
2555,376,321,transfer,4679
2556,376,396,transfer,8450
2557,376,325,transfer,3420
2558,377,642,transfer,8801
2559,377,94,transfer,2904
2560,377,63,transfer,8441
2561,377,418,transfer,3513
2562,378,674,transfer,2051
2563,378,222,transfer,1101
2564,378,332,transfer,6896
2565,378,475,transfer,3918
2566,379,528,transfer,7909
2567,379,293,transfer,5883
2568,379,45,transfer,8177
2569,379,333,transfer,1131
2570,379,340,transfer,5803
2571,380,383,transfer,8145
2572,380,624,transfer,6530
2573,381,340,transfer,1574
2574,381,403,transfer,6966
2575,381,458,transfer,1580
2576,381,451,transfer,5401
2577,382,566,transfer,3746
2578,382,340,transfer,1577
2579,382,734,transfer,2669
2580,383,325,transfer,6910
2581,383,480,transfer,8177
2582,383,454,transfer,6668
2583,384,297,transfer,9578
2584,384,295,transfer,3422
2585,384,418,transfer,4778
2586,385,447,transfer,7779
2587,385,22,transfer,5796
2588,385,524,transfer,4326
2589,385,210,transfer,7324
2590,386,481,transfer,9030
2591,386,400,transfer,6305
2592,386,448,transfer,6673
2593,387,577,transfer,8563
2594,387,188,transfer,8475
2595,387,374,transfer,7740
2596,388,231,transfer,9192
2597,388,274,transfer,1152
2598,388,332,transfer,7570
2599,388,129,transfer,5968
2600,389,465,transfer,3826
2601,389,8,transfer,1836
2602,389,511,transfer,6618
2603,389,596,transfer,4002
2604,390,217,transfer,2189
2605,390,743,transfer,1782
2606,390,707,transfer,7679
2607,390,681,transfer,3460
2608,391,259,transfer,6761
2609,391,4,transfer,8118
2610,391,405,transfer,9601
2611,392,202,transfer,4466
2612,392,456,transfer,5416
2613,392,91,transfer,9930
2614,392,207,transfer,6149
2615,392,78,transfer,2599
2616,393,534,transfer,6116
2617,393,534,transfer,1119
2618,393,297,transfer,6418
2619,393,146,transfer,1157
2620,394,186,transfer,9611
2621,394,560,transfer,1361
2622,394,575,transfer,5189
2623,394,259,transfer,1411
2624,395,394,transfer,9800
2625,395,646,transfer,6471
2626,395,565,transfer,3724
2627,396,447,transfer,3914
2628,396,697,transfer,2559
2629,396,203,transfer,1192
2630,396,387,transfer,1150
2631,396,180,transfer,1639
2632,397,71,transfer,1282
2633,397,584,transfer,8961
2634,397,382,transfer,5612
2635,397,716,transfer,2925
2636,397,325,transfer,9507
2637,398,642,transfer,2380
2638,398,258,transfer,6387
2639,398,596,transfer,1454
2640,398,548,transfer,8262
2641,398,284,transfer,3503
2642,399,165,transfer,1177
2643,399,365,transfer,5391
2644,399,490,transfer,5576
2645,400,387,transfer,4961
2646,400,89,transfer,1655
2647,400,281,transfer,7049
2648,400,203,transfer,5616
2649,400,359,transfer,1670
2650,401,740,transfer,3222
2651,401,350,transfer,1798
2652,401,411,transfer,5042
2653,401,572,transfer,4510
2654,515,351,transfer,7953
2655,516,519,transfer,5465
2656,516,225,transfer,6343
2657,516,510,transfer,4256
2658,516,301,transfer,4291
2659,516,412,transfer,1981
2660,517,494,transfer,8290
2661,517,338,transfer,6304
2662,517,327,transfer,8555
2663,518,151,transfer,9439
2664,518,159,transfer,7395
2665,518,301,transfer,3800
2666,518,135,transfer,4526
2667,518,485,transfer,7173
2668,519,325,transfer,9637
2669,519,727,transfer,6151
2670,519,581,transfer,2585
2671,519,293,transfer,2945
2672,519,380,transfer,5493
2673,520,693,transfer,6138
2674,520,636,transfer,6273
2675,521,649,transfer,9405
2676,521,331,transfer,3252
2677,521,186,transfer,3671
2678,522,164,transfer,6350
2679,522,310,transfer,2669
2680,522,746,transfer,4296
2681,523,135,transfer,6483
2682,523,330,transfer,5568
2683,523,536,transfer,2775
2684,524,213,transfer,8058
2685,524,463,transfer,9336
2686,524,579,transfer,6066
2687,524,330,transfer,2963
2688,524,469,transfer,2053
2689,525,518,transfer,5354
2690,525,707,transfer,7080
2691,525,2,transfer,6988
2692,525,57,transfer,5341
2693,525,642,transfer,6685
2694,526,120,transfer,7227
2695,527,29,transfer,2139
2696,527,7,transfer,5190
2697,527,233,transfer,3232
2698,527,246,transfer,5492
2699,527,175,transfer,4771
2700,528,360,transfer,2229
2701,528,271,transfer,3565
2702,528,259,transfer,3840
2703,528,569,transfer,3680
2704,529,253,transfer,8910
2705,529,302,transfer,1683
2706,529,155,transfer,5792
2707,529,350,transfer,6676
2708,529,420,transfer,2169
2709,530,310,transfer,2276
2710,530,330,transfer,3564
2711,530,519,transfer,5769
2712,530,418,transfer,2642
2713,531,595,transfer,8057
2714,531,80,transfer,6276
2715,531,78,transfer,5811
2716,532,66,transfer,1828
2717,532,123,transfer,1094
2718,532,259,transfer,7674
2719,532,241,transfer,8325
2720,533,177,transfer,2923
2721,533,91,transfer,2647
2722,533,625,transfer,5399
2723,533,576,transfer,5680
2724,533,184,transfer,2480
2725,534,406,transfer,2570
2726,534,359,transfer,9066
2727,534,35,transfer,4649
2728,534,332,transfer,7584
2729,535,480,transfer,4056
2730,535,737,transfer,7038
2731,535,297,transfer,8780
2732,535,303,transfer,2400
2733,535,729,transfer,6327
2734,536,480,transfer,9946
2735,536,625,transfer,3408
2736,536,218,transfer,1291
2737,537,493,transfer,3126
2738,537,89,transfer,2233
2739,537,524,transfer,7241
2740,538,481,transfer,1077
2741,538,242,transfer,1753
2742,538,726,transfer,5301
2743,538,53,transfer,8215
2744,539,690,transfer,3425
2745,539,294,transfer,5591
2746,539,734,transfer,2248
2747,539,646,transfer,3467
2748,540,624,transfer,2030
2749,540,559,transfer,6446
2750,540,566,transfer,4372
2751,541,301,transfer,5475
2752,541,646,transfer,1708
2753,541,519,transfer,1974
2754,541,271,transfer,5080
2755,541,274,transfer,4921
2756,542,439,transfer,8423
2757,542,666,transfer,8335
2758,542,284,transfer,6114
2759,542,469,transfer,8966
2760,543,646,transfer,9478
2761,543,691,transfer,8070
2762,543,691,transfer,8797
2763,543,299,transfer,3444
2764,543,292,transfer,5774
2765,544,229,transfer,1464
2766,544,459,transfer,1216
2767,544,117,transfer,8938
2768,544,228,transfer,6643
2769,544,520,transfer,6190
2770,545,323,transfer,9296
2771,545,454,transfer,7179
2772,545,349,transfer,4833
2773,546,521,transfer,7758
2774,546,42,transfer,1079
2775,546,380,transfer,2061
2776,547,4,transfer,1968
2777,547,300,transfer,1468
2778,547,12,transfer,1658
2779,548,742,transfer,5522
2780,548,559,transfer,2301
2781,548,13,transfer,6345
2782,548,444,transfer,9958
2783,549,685,transfer,4831
2784,549,301,transfer,3201
2785,549,690,transfer,4378
2786,550,274,transfer,7671
2787,550,412,transfer,1379
2788,550,326,transfer,2542
2789,550,560,transfer,6972
2790,551,534,transfer,2321
2791,551,359,transfer,9045
2792,551,697,transfer,9314
2793,552,466,transfer,1931
2794,552,461,transfer,6547
2795,552,95,transfer,2810
2796,552,380,transfer,5638
2797,552,94,transfer,9429
2798,553,532,transfer,8806
2799,553,440,transfer,2713
2800,553,603,transfer,2354
2801,553,694,transfer,7276
2802,554,161,transfer,3040
2803,554,467,transfer,1857
2804,554,305,transfer,1996
2805,554,128,transfer,3045
2806,554,420,transfer,8539
2807,555,197,transfer,1020
2808,555,397,transfer,7785
2809,555,439,transfer,3155
2810,556,646,transfer,1868
2811,556,651,transfer,3911
2812,556,41,transfer,5793
2813,556,236,transfer,5770
2814,557,565,transfer,1725
2815,557,279,transfer,8946
2816,557,640,transfer,6079
2817,557,9,transfer,9628
2818,557,448,transfer,7546
2819,558,728,transfer,1419
2820,558,524,transfer,3356
2821,558,406,transfer,4016
2822,558,245,transfer,4565
2823,558,332,transfer,6967
2824,559,373,transfer,7340
2825,559,223,transfer,8036
2826,559,361,transfer,4716
2827,559,171,transfer,2052
2828,560,387,transfer,3199
2829,560,499,transfer,1080
2830,560,118,transfer,5784
2831,560,325,transfer,7005
2832,560,640,transfer,3320
2833,561,109,transfer,9105
2834,561,138,transfer,1546
2835,561,716,transfer,2542
2836,561,233,transfer,4241
2837,561,350,transfer,5910
2838,562,98,transfer,9008
2839,562,83,transfer,7787
2840,562,313,transfer,4029
2841,562,403,transfer,7131
2842,562,632,transfer,9051
2843,563,289,transfer,9416
2844,563,458,transfer,4094
2845,563,552,transfer,8656
2846,563,746,transfer,2784
2847,564,276,transfer,3376
2848,564,440,transfer,9169
2849,564,724,transfer,6723
2850,564,504,transfer,9399
2851,565,624,transfer,8354
2852,687,1,transfer,4675
2853,743,166,transfer,2977
2854,743,576,transfer,8745
2855,743,559,transfer,6233
2856,744,616,transfer,7280
2857,744,135,transfer,8561
2858,744,475,transfer,6669
2859,745,439,transfer,2599
2860,745,559,transfer,4234
2861,745,251,transfer,2166
2862,745,317,transfer,3209
2863,746,441,transfer,9979
2864,746,499,transfer,8859
2865,746,309,transfer,1848
2866,746,342,transfer,3755
2867,746,352,transfer,4878
2868,747,29,transfer,1122
2869,747,76,transfer,8396
2870,747,89,transfer,5573
2871,747,494,transfer,7663
2872,747,520,transfer,1472
2873,748,218,transfer,3365
2874,748,183,transfer,4687
2875,748,271,transfer,2019
2876,748,165,transfer,4795
2877,748,165,transfer,3102
2878,749,421,transfer,1179
2879,749,60,transfer,3474
2880,749,607,transfer,5522
2881,749,138,transfer,5074
2882,750,403,transfer,2356
2883,750,504,transfer,3172
2884,750,595,transfer,8545
2885,750,327,transfer,3568
2886,751,63,transfer,2832
2887,751,228,transfer,8840
2888,751,119,transfer,2691
2889,751,448,transfer,7736
2890,752,279,transfer,3584
2891,752,331,transfer,2462
2892,752,384,transfer,8802
2893,752,403,transfer,2535
2894,753,534,transfer,5490
2895,753,624,transfer,2234
2896,753,595,transfer,9903
2897,753,643,transfer,3936
2898,504,57,transfer,3617
2899,504,570,transfer,9012
2900,505,20,transfer,3650
2901,505,228,transfer,8250
2902,505,576,transfer,7098
2903,505,60,transfer,4328
2904,506,518,transfer,6099
2905,506,592,transfer,2569
2906,506,348,transfer,2357
2907,506,532,transfer,3565
2908,507,91,transfer,5269
2909,507,154,transfer,9317
2910,508,670,transfer,3242
2911,508,38,transfer,8560
2912,508,317,transfer,5703
2913,508,47,transfer,7324
2914,508,204,transfer,8730
2915,509,726,transfer,9774
2916,509,673,transfer,7565
2917,509,299,transfer,2361
2918,509,340,transfer,7864
2919,510,600,transfer,3970
2920,510,63,transfer,1748
2921,510,67,transfer,8047
2922,511,387,transfer,6885
2923,511,27,transfer,7600
2924,511,473,transfer,4574
2925,511,122,transfer,5460
2926,511,514,transfer,2321
2927,512,576,transfer,5334
2928,512,71,transfer,8438
2929,512,167,transfer,6259
2930,512,91,transfer,4748
2931,512,687,transfer,5868
2932,513,527,transfer,7903
2933,513,167,transfer,2137
2934,513,509,transfer,6954
2935,513,553,transfer,8323
2936,514,564,transfer,6699
2937,514,208,transfer,2459
2938,514,187,transfer,9838
2939,514,294,transfer,8392
2940,515,551,transfer,1109
2941,515,317,transfer,4083
2942,515,403,transfer,7295
2943,515,643,transfer,4394
